question_id,priority_id,entity_or_unit,preseason_hypothesis,confirming_evidence,disconfirming_evidence,baseline_confidence,fantasy_formats,review_trigger,status,last_updated
lac-2026-def-q01,1,Defensive structure,O'Leary will retain the prior defense's disguise and simulated-pressure foundation while changing call sequencing,"late safety rotation; varied rushers; pressure without high blitz rate; familiar personnel rules","static shells; consistently declared rushers; major assignment confusion",medium,"general;dfs;player_props",each preseason game and first four regular-season games,open,2026-08-16
lac-2026-def-q02,2,Tuli Tuipulotu,Tuipulotu will lead Chargers edge defenders in snaps and pass-rush opportunities,"starts across base and nickel; leads edge rush snaps; remains on field in high-leverage downs","Mack or Mesidor leads the rotation; Tuipulotu leaves the field in core pass situations",high,"idp;player_props",first two regular-season games,open,2026-08-16
lac-2026-def-q03,2,Akheem Mesidor,Mesidor will immediately operate as the third edge and reduce inside on passing downs,"first-unit three-edge packages; interior alignment in obvious pass situations; regular pressure opportunities","reserve-only snaps; little interior use; fourth-edge competition cuts into his role",medium,"idp;dynasty;player_props",each preseason game,open,2026-08-16
lac-2026-def-q04,2,Khalil Mack,Mack's workload will be managed without removing him from high-value pass-rush downs,"lower early-down share; regular third-down and red-zone rushes; healthy weekly rotation","full-time workload or substantial loss of money-down snaps",medium,"idp;player_props",first four regular-season games,open,2026-08-16
lac-2026-def-q05,3,Defensive interior,"Tart, Tomlinson, Caldwell, and Eboigbe will rotate across alignments rather than hold fixed jobs","multiple alignments by player; package-specific combinations; interior pressure from more than one player","stable one-position assignments; one pair dominates nearly all snaps",medium,"general;idp;player_props",first two regular-season games,open,2026-08-16
lac-2026-def-q06,1,Daiyan Henley,Henley will retain the green dot and an every-down linebacker role,"all first-unit packages; two-minute and third-down snaps; communication helmet","leaves field in dime; another linebacker takes communication or coverage work",high,"idp;player_props",each preseason game,open,2026-08-16
lac-2026-def-q07,1,Cornerbacks,"Jackson, Still, and Hart will remain the primary three corners","repeat first-unit nickel usage; stable outside/slot assignments; no camp demotion","Leonard or a young corner displaces one; roles rotate heavily; injury changes the trio",high,"general;dfs;player_props",each preseason game,open,2026-08-16
lac-2026-def-q08,1,Derwin James Jr.,James will remain a box/slot/pressure movable piece rather than a conventional deep safety,"box and slot alignments; designed rushes; tight-end and back matchups; high tackle involvement","majority deep alignment; low rush usage; rookie duties force James away from the ball",high,"idp;player_props",each preseason game and first two regular-season games,open,2026-08-16
lac-2026-def-q09,3,Genesis Smith,Smith will earn nickel-package work that allows James to move toward the line,"first-unit dime/nickel snaps with Molden; James moves into box; Smith handles deep responsibility","special-teams-only role; veteran safeties take subpackage snaps; missed tackles or assignments limit trust",medium,"idp;dynasty;general",each preseason game,open,2026-08-16
